timeStamp,elapsed,label,responseCode,responseMessage,threadName,dataType,success,failureMessage,bytes,sentBytes,grpThreads,allThreads,URL,Latency,IdleTime,Connect
1650470435867,1373,HomePage,200,OK,dashboard 1-1,text,false,"The operation lasted too long: It took 1,373 milliseconds, but should not have lasted longer than 600 milliseconds.",24772,121,1,1,https://online-testing.com/,1369,0,940
1650470437247,160,AvailablePage,200,OK,dashboard 1-1,text,true,,27423,188,1,1,https://online-testing.com/Available,84,0,0
1650470437407,85,CostPage,200,OK,dashboard 1-1,text,true,,14560,183,1,1,https://online-testing.com/Cost,85,0,0
1650470437756,687,HomePage,200,OK,dashboard 1-2,text,false,"The operation lasted too long: It took 687 milliseconds, but should not have lasted longer than 600 milliseconds.",24772,121,1,1,https://online-testing.com/,683,0,263
1650470438444,83,AvailablePage,200,OK,dashboard 1-2,text,true,,27423,188,1,1,https://online-testing.com/Available,83,0,0
1650470438528,82,CostPage,200,OK,dashboard 1-2,text,true,,14560,183,1,1,https://online-testing.com/Cost,82,0,0
1650470439751,767,HomePage,200,OK,dashboard 1-3,text,false,"The operation lasted too long: It took 767 milliseconds, but should not have lasted longer than 600 milliseconds.",24772,121,1,1,https://online-testing.com/,766,0,259
1650470440519,87,AvailablePage,200,OK,dashboard 1-3,text,true,,27423,188,1,1,https://online-testing.com/Available,87,0,0
1650470440607,83,CostPage,200,OK,dashboard 1-3,text,true,,14560,183,1,1,https://online-testing.com/Cost,82,0,0
1650470441752,687,HomePage,200,OK,dashboard 1-4,text,false,"The operation lasted too long: It took 687 milliseconds, but should not have lasted longer than 600 milliseconds.",24772,121,1,1,https://online-testing.com/,686,0,263
1650470442440,89,AvailablePage,200,OK,dashboard 1-4,text,true,,27423,188,1,1,https://online-testing.com/Available,88,0,0
1650470442529,85,CostPage,200,OK,dashboard 1-4,text,true,,14560,183,1,1,https://online-testing.com/Cost,85,0,0
1650470443749,675,HomePage,200,OK,dashboard 1-5,text,false,"The operation lasted too long: It took 675 milliseconds, but should not have lasted longer than 600 milliseconds.",24772,121,1,1,https://online-testing.com/,675,0,259
1650470444425,169,AvailablePage,200,OK,dashboard 1-5,text,true,,27423,188,1,1,https://online-testing.com/Available,88,0,0
1650470444595,82,CostPage,200,OK,dashboard 1-5,text,true,,14560,183,1,1,https://online-testing.com/Cost,82,0,0
